location,total_cost,total_benefit,net_benefit,bcr,deaths_averted,cost_per_death,cost_per_daly
Uganda,939554733.905989,1513408278.75277,573853544.846777,1.61077180938795,27165.166516562,34586.74671967,3023.21019712438
TOTAL,939554733.905989,1513408278.75277,573853544.846777,1.61077180938795,27165.166516562,34586.74671967,3023.21019712438
