location,total_cost,total_benefit,net_benefit,bcr,deaths_averted,cost_per_death,cost_per_daly
Uganda,1177513303.09435,833848745.578268,-343664557.516083,0.708143800487878,15312.2907074962,76899.8790310252,7707.56349607421
TOTAL,1177513303.09435,833848745.578268,-343664557.516083,0.708143800487878,15312.2907074962,76899.8790310252,7707.56349607421
