location,total_cost,total_benefit,net_benefit,bcr,deaths_averted,cost_per_death,cost_per_daly
Uganda,908720126.843,1444108486.63363,535388359.790632,1.58916749390226,26687.8605542579,34049.9428568102,3082.89554184159
TOTAL,908720126.843,1444108486.63363,535388359.790632,1.58916749390226,26687.8605542579,34049.9428568102,3082.89554184159
