location,total_cost,total_benefit,net_benefit,bcr,deaths_averted,cost_per_death,cost_per_daly
Uganda,896917574.140004,918289420.174517,21371846.0345126,1.02382810489025,17054.2480892109,52592.0327561921,4509.46987152649
TOTAL,896917574.140004,918289420.174517,21371846.0345126,1.02382810489025,17054.2480892109,52592.0327561921,4509.46987152649
