location,total_cost,total_benefit,net_benefit,bcr,deaths_averted,cost_per_death,cost_per_daly
Uganda,910122068.437187,1400873850.79007,490751782.352885,1.53921534195471,25895.51523457,35145.9339655151,3169.19331874097
TOTAL,910122068.437187,1400873850.79007,490751782.352885,1.53921534195471,25895.51523457,35145.9339655151,3169.19331874097
