location,total_cost,total_benefit,net_benefit,bcr,deaths_averted,cost_per_death,cost_per_daly
Indonesia,5788007594.45053,18729953980.0729,12941946385.6224,3.23599333180401,121928.034098099,47470.6874203656,4296.30521929402
TOTAL,5788007594.45053,18729953980.0729,12941946385.6224,3.23599333180401,121928.034098099,47470.6874203656,4296.30521929402
