location,total_cost,total_benefit,net_benefit,bcr,deaths_averted,cost_per_death,cost_per_daly
Indonesia,7468720835.56124,14858002973.9365,7389282138.37529,1.98936381491089,96722.4529843044,77218.0667995799,6972.13093804897
TOTAL,7468720835.56124,14858002973.9365,7389282138.37529,1.98936381491089,96722.4529843044,77218.0667995799,6972.13093804897
