parameter,value
p_A_to_no_rhd,0.0713119666016102
p_A_to_B,0.0110686565556154
p_B_to_A,0.0160621301648133
p_B_to_C,0.0437131959958681
p_C_to_B,0.00503535125309374
p_C_to_D,0.0818254916872711
p_D_to_C,0
A,0.00116405756496462
B,0.00512765087129908
C,0.020308463461661
D,0.0813611021916287
rhd_d_fraction,0.0301598875567331
residual_mult,1.11362884130467
