L,m_A,m_B,m_C,m_D,resid,p_A_to_no_rhd,p_B_to_C,p_C_to_D
31.0488884265797,0.00116131325799638,0.00511878387468427,0.0202775558555179,0.101722512104093,1.10960559163005,0.070665435928975,0.0429454871913604,0.0843800354407846
31.0489035158815,0.00116110641670954,0.00512025455709351,0.0202741046252897,0.101717211455395,1.10947825501192,0.0706106173103508,0.0430934664452266,0.0841696001367436
31.0490776377892,0.00116238135240083,0.00511858416673652,0.0202925140186094,0.101738892597595,1.11010034237471,0.0706397609796987,0.0424445140308381,0.0854267018185332
