location,total_cost,total_benefit,net_benefit,bcr,deaths_averted,cost_per_death,cost_per_daly
Indonesia,6149782703.49464,7821232625.64141,1671449922.14677,1.27179007824081,50914.5681448523,120786.307879475,9102.95910268406
TOTAL,6149782703.49464,7821232625.64141,1671449922.14677,1.27179007824081,50914.5681448523,120786.307879475,9102.95910268406
