location,total_cost,total_benefit,net_benefit,bcr,deaths_averted,cost_per_death,cost_per_daly
Indonesia,6665853161.18885,10708584131.4881,4042730970.29922,1.60648365221088,67680.2087510229,98490.4344150403,8051.36438924756
TOTAL,6665853161.18885,10708584131.4881,4042730970.29922,1.60648365221088,67680.2087510229,98490.4344150403,8051.36438924756
