location,total_cost,total_benefit,net_benefit,bcr,deaths_averted,cost_per_death,cost_per_daly
Indonesia,6147960902.78007,7264556035.59516,1116595132.81509,1.18162040235327,47290.7214271835,130003.53382738,9598.84934026957
TOTAL,6147960902.78007,7264556035.59516,1116595132.81509,1.18162040235327,47290.7214271835,130003.53382738,9598.84934026957
