L,m_A,m_B,m_C,m_D,resid,p_A_to_no_rhd,p_B_to_C,p_C_to_D
25.9177207958774,0.00084404733814531,0.00459451055324202,0.01929916867174,0.097400712136125,0.850777314882454,0.176141841038412,0.0129376966685024,0.0333990159303823
25.9177858836946,0.00084387295152325,0.00459327621447233,0.0192990692152296,0.097381509338405,0.850881922237995,0.176303906264959,0.0128749851383241,0.0335074384390426
25.9177230507622,0.000843738718651393,0.00459484453083227,0.0192909607225117,0.0973965185561213,0.850392684437068,0.176050478342444,0.0129347046775489,0.0333515766493594
