parameter,value
p_A_to_no_rhd,0.177731902578183
p_A_to_B,0.0082703691607249
p_B_to_A,0.0057785536746396
p_B_to_C,0.0134291239166762
p_C_to_B,0.00472737744654272
p_C_to_D,0.0361864646857795
p_D_to_C,0
A,0.000844561581713226
B,0.00459323988255264
C,0.0192651128988624
D,0.0779555282689063
rhd_d_fraction,0.00657016678811258
residual_mult,0.850786739104736
