location,sex,cause,L_I_base,L_P_base,L_D_base,L_I_cal,L_P_cal,L_D_cal,penalized_base,penalized_cal,step1_mortality_value,step2_incidence_value,step3_joint_value,joint_spread_min,joint_spread_med,joint_spread_max
Uganda,Female,Rheumatic heart disease,0.0029266531512869,5.53030305644498,0.826691400674261,0.00815895671941171,5.50902797808024,0.782910231786571,7.18661251094479,7.12916364271245,1.62747250807604,5.52779866774666,7.12916364271245,7.12916364271245,7.12916364351514,7.12916366380517
Uganda,Male,Rheumatic heart disease,0.00211684944460668,5.67249974927062,0.521172060020064,0.00703515933482954,5.65300313965001,0.477621498729674,6.71696071875536,6.66036471484388,1.01923740779505,5.67083610209296,6.66036471484388,6.66036471484388,6.66036471772141,6.66036472018701
